{"stat.chestOpened":29,"stat.useItem.minecraft.splash_potion":2,"stat.craftItem.minecraft.sign":3,"stat.pickup.minecraft.sign":2,"stat.craftItem.minecraft.carpet":3,"stat.useItem.minecraft.iron_axe":104,"stat.pickup.minecraft.gravel":68,"stat.leaveGame":1,"stat.pickup.minecraft.waterlily":1,"stat.mineBlock.minecraft.cobblestone":160,"stat.pickup.minecraft.flint":14,"stat.mineBlock.minecraft.deadbush":1,"stat.useItem.minecraft.porkchop":1,"stat.useItem.minecraft.carpet":28,"stat.useItem.minecraft.potion":2,"stat.jump":1540,"stat.swimOneCm":79603,"stat.useItem.minecraft.sand":1,"stat.pickup.minecraft.coal":74,"stat.fallOneCm":13313,"stat.pickup.minecraft.iron_ingot":13,"stat.useItem.minecraft.planks":289,"stat.pickup.minecraft.enchanted_book":1,"stat.pickup.minecraft.carrot":50,"stat.pickup.minecraft.porkchop":1,"stat.crouchOneCm":848,"stat.pickup.minecraft.glass":158,"stat.breakItem.minecraft.iron_pickaxe":4,"stat.craftItem.minecraft.chest":3,"stat.craftItem.minecraft.iron_ingot":4,"stat.pickup.minecraft.dirt":139,"stat.useItem.minecraft.dirt":14,"achievement.exploreAllBiomes":{"value":0,"progress":["ForestHills","Beach","Forest","River","Ocean","Plains","Desert","Deep Ocean"]},"stat.useItem.minecraft.water_bucket":8,"stat.craftingTableInteraction":42,"stat.pickup.minecraft.iron_ore":18,"stat.pickup.minecraft.rotten_flesh":7,"stat.pickup.minecraft.sand":421,"stat.useItem.minecraft.glass":110,"stat.craftItem.minecraft.furnace":1,"stat.pickup.minecraft.stone_shovel":1,"stat.boatOneCm":16703,"stat.useItem.minecraft.sapling":4,"stat.pickup.minecraft.splash_potion":6,"stat.pickup.minecraft.iron_axe":1,"stat.pickup.minecraft.wooden_pickaxe":1,"stat.mineBlock.minecraft.stone_stairs":7,"stat.pickup.minecraft.leather":1,"stat.craftItem.minecraft.stone_pickaxe":2,"stat.mineBlock.minecraft.torch":29,"stat.useItem.minecraft.wooden_pickaxe":60,"stat.useItem.minecraft.furnace":1,"stat.pickup.minecraft.cobblestone":1398,"stat.mineBlock.minecraft.carpet":18,"stat.pickup.minecraft.planks":94,"stat.pickup.minecraft.reeds":39,"stat.flyOneCm":13868,"stat.craftItem.minecraft.iron_shovel":2,"stat.pickup.minecraft.glass_bottle":1,"stat.craftItem.minecraft.birch_fence":9,"stat.pickup.minecraft.wheat_seeds":1,"stat.useItem.minecraft.birch_fence":7,"stat.pickup.minecraft.brown_mushroom":4,"stat.mineBlock.minecraft.sand":418,"stat.pickup.minecraft.oak_stairs":2,"stat.pickup.minecraft.fish":1,"stat.mineBlock.minecraft.gravel":92,"stat.useItem.minecraft.stone_pickaxe":263,"stat.mineBlock.minecraft.glass":3,"stat.damageDealt":601,"stat.craftItem.minecraft.glass":153,"stat.mineBlock.minecraft.iron_ore":10,"stat.sleepInBed":2,"stat.timeSinceDeath":259673,"stat.craftItem.minecraft.oak_stairs":8,"stat.mineBlock.minecraft.dirt":138,"stat.useItem.minecraft.crafting_table":5,"stat.useItem.minecraft.iron_pickaxe":1208,"stat.useItem.minecraft.sign":4,"stat.craftItem.minecraft.wooden_pickaxe":1,"stat.craftItem.minecraft.iron_sword":1,"stat.useItem.minecraft.iron_shovel":430,"stat.pickup.minecraft.double_plant":3,"stat.walkOneCm":1315935,"stat.useItem.minecraft.torch":87,"stat.useItem.minecraft.chest":3,"stat.pickup.minecraft.stick":19,"stat.craftItem.minecraft.stone_stairs":108,"stat.pickup.minecraft.crafting_table":4,"stat.useItem.minecraft.oak_stairs":4,"stat.useItem.minecraft.cobblestone":450,"stat.craftItem.minecraft.crafting_table":1,"stat.furnaceInteraction":38,"stat.useItem.minecraft.cooked_porkchop":2,"stat.pickup.minecraft.carpet":28,"stat.mineBlock.minecraft.coal_ore":25,"stat.breakItem.minecraft.stone_pickaxe":2,"stat.pickup.minecraft.log":76,"stat.pickup.minecraft.beef":1,"stat.useItem.minecraft.cooked_mutton":2,"stat.pickup.minecraft.stone":397,"stat.pickup.minecraft.baked_potato":22,"achievement.mineWood":70,"stat.pickup.minecraft.sapling":5,"stat.pickup.minecraft.ender_pearl":1,"stat.sprintOneCm":137919,"stat.useItem.minecraft.fence":12,"stat.useItem.minecraft.stone_stairs":81,"stat.craftItem.minecraft.stick":52,"stat.craftItem.minecraft.bucket":1,"achievement.openInventory":126,"stat.craftItem.minecraft.planks":304,"stat.useItem.minecraft.iron_sword":15,"stat.pickup.minecraft.stone_stairs":7,"stat.pickup.minecraft.potion":4,"stat.mineBlock.minecraft.crafting_table":4,"stat.mobKills":1,"stat.pickup.minecraft.emerald":3,"stat.mineBlock.minecraft.log":73,"stat.useItem.minecraft.bucket":9,"stat.craftItem.minecraft.fence":12,"stat.useItem.minecraft.beef":1,"stat.mineBlock.minecraft.waterlily":1,"stat.mineBlock.minecraft.oak_stairs":1,"stat.mineBlock.minecraft.planks":26,"stat.mineBlock.minecraft.leaves":16,"stat.playOneMinute":259673,"stat.pickup.minecraft.torch":125,"stat.breakItem.minecraft.iron_shovel":1,"stat.craftItem.minecraft.iron_pickaxe":5,"stat.sneakTime":595,"stat.pickup.minecraft.elytra":1,"stat.killEntity.Zombie":1,"stat.useItem.minecraft.baked_potato":10,"stat.mineBlock.minecraft.stone":1307,"stat.mineBlock.minecraft.tallgrass":3,"stat.craftItem.minecraft.cooked_mutton":11,"stat.diveOneCm":447561,"stat.breakItem.minecraft.wooden_pickaxe":1}