{"stat.pickup.minecraft.wooden_slab":1,"stat.horseOneCm":4107,"stat.useItem.minecraft.iron_axe":13,"stat.leaveGame":2,"stat.useItem.minecraft.log2":1,"stat.mineBlock.minecraft.cobblestone":9,"stat.pickup.minecraft.flint":2,"stat.craftItem.minecraft.iron_axe":1,"stat.mineBlock.minecraft.sandstone":1,"stat.breakItem.minecraft.wooden_sword":1,"stat.swimOneCm":3407,"stat.climbOneCm":57041,"stat.useItem.minecraft.planks":56,"achievement.buildWorkBench":4,"stat.breakItem.minecraft.iron_pickaxe":2,"stat.useItem.minecraft.dirt":81,"achievement.exploreAllBiomes":{"value":0,"progress":["ForestHills","Beach","DesertHills","Roofed Forest","Forest","River","Ocean","Plains","Desert","Deep Ocean"]},"stat.useItem.minecraft.water_bucket":23,"stat.pickup.minecraft.rotten_flesh":5,"stat.pickup.minecraft.sand":323,"stat.craftItem.minecraft.furnace":5,"stat.craftItem.minecraft.dark_oak_fence":48,"stat.useItem.minecraft.egg":1,"stat.craftItem.minecraft.stone_axe":1,"stat.craftItem.minecraft.iron_boots":1,"stat.useItem.minecraft.iron_ore":1,"achievement.diamonds":4,"stat.craftItem.minecraft.stone_pickaxe":2,"stat.pickup.minecraft.cobblestone":490,"stat.mineBlock.minecraft.wooden_slab":1,"stat.flyOneCm":11247,"stat.pickup.minecraft.sandstone":1,"stat.craftItem.minecraft.iron_shovel":2,"achievement.buildPickaxe":7,"stat.mineBlock.minecraft.sand":328,"stat.craftItem.minecraft.wooden_slab":30,"stat.craftItem.minecraft.wooden_hoe":1,"achievement.buildBetterPickaxe":6,"stat.pickup.minecraft.redstone":174,"stat.mineBlock.minecraft.iron_ore":87,"stat.timeSinceDeath":151388,"stat.useItem.minecraft.iron_pickaxe":686,"stat.craftItem.minecraft.wooden_pickaxe":1,"stat.useItem.minecraft.wooden_slab":21,"stat.useItem.minecraft.iron_shovel":385,"stat.useItem.minecraft.potato":76,"stat.pickup.minecraft.dark_oak_door":3,"stat.furnaceInteraction":25,"stat.mineBlock.minecraft.coal_ore":196,"stat.mineBlock.minecraft.red_mushroom_block":1,"stat.pickup.minecraft.string":1,"stat.mineBlock.minecraft.ladder":6,"achievement.buildSword":2,"achievement.mineWood":72,"stat.sprintOneCm":55983,"stat.craftItem.minecraft.stick":384,"stat.craftItem.minecraft.wooden_axe":1,"stat.useItem.minecraft.dark_oak_door":1,"stat.useItem.minecraft.stone_slab":8,"stat.killEntity.Horse":1,"achievement.openInventory":103,"stat.mineBlock.minecraft.diamond_ore":4,"stat.useItem.minecraft.wheat_seeds":46,"stat.killEntity.Husk":1,"stat.useItem.minecraft.carrot":14,"stat.useItem.minecraft.wooden_shovel":8,"stat.craftItem.minecraft.wooden_pressure_plate":2,"stat.useItem.minecraft.bucket":23,"achievement.killEnemy":5,"achievement.buildFurnace":5,"stat.mineBlock.minecraft.planks":3,"stat.pickup.minecraft.egg":1,"stat.playOneMinute":151388,"stat.useItem.minecraft.wooden_sword":30,"stat.craftItem.minecraft.wooden_shovel":1,"stat.killEntity.Sheep":1,"stat.breakItem.minecraft.iron_shovel":1,"stat.useItem.minecraft.ladder":81,"stat.craftItem.minecraft.iron_pickaxe":3,"stat.craftItem.minecraft.diamond_pickaxe":1,"stat.killEntity.Zombie":3,"stat.mineBlock.minecraft.gold_ore":18,"stat.mineBlock.minecraft.tallgrass":1,"stat.diveOneCm":18321,"stat.pickup.minecraft.wheat":15,"stat.chestOpened":41,"stat.craftItem.minecraft.ladder":102,"achievement.buildHoe":2,"stat.mineBlock.minecraft.dark_oak_fence":1,"stat.useItem.minecraft.stone":1,"stat.pickup.minecraft.gravel":1,"stat.mineBlock.minecraft.deadbush":2,"stat.craftItem.minecraft.iron_hoe":1,"stat.jump":1120,"stat.useItem.minecraft.sand":11,"stat.pickup.minecraft.coal":208,"stat.fallOneCm":18175,"stat.pickup.minecraft.carrot":101,"stat.useItem.minecraft.stone_axe":69,"stat.craftItem.minecraft.bread":1,"stat.crouchOneCm":1899,"achievement.killCow":1,"stat.craftItem.minecraft.chest":2,"stat.craftItem.minecraft.torch":260,"stat.craftItem.minecraft.iron_ingot":86,"stat.pickup.minecraft.dirt":114,"achievement.makeBread":1,"stat.craftItem.minecraft.iron_helmet":1,"stat.useItem.minecraft.iron_hoe":80,"stat.craftingTableInteraction":48,"stat.pickup.minecraft.iron_ore":87,"stat.boatOneCm":58233,"stat.pickup.minecraft.gold_ore":18,"stat.mineBlock.minecraft.glass_pane":3,"stat.mineBlock.minecraft.leaves2":128,"stat.mineBlock.minecraft.log2":98,"stat.useItem.minecraft.dark_oak_fence":48,"stat.pickup.minecraft.leather":2,"stat.mineBlock.minecraft.torch":10,"stat.mineBlock.minecraft.red_flower":1,"stat.useItem.minecraft.wooden_pickaxe":44,"stat.useItem.minecraft.furnace":5,"stat.pickup.minecraft.dark_oak_fence":1,"stat.useItem.minecraft.reeds":49,"stat.craftItem.minecraft.wooden_sword":1,"stat.pickup.minecraft.log2":95,"stat.pickup.minecraft.planks":3,"stat.pickup.minecraft.reeds":49,"stat.pickup.minecraft.wheat_seeds":132,"stat.craftItem.minecraft.dark_oak_fence_gate":1,"stat.pickup.minecraft.potato":155,"stat.mineBlock.minecraft.gravel":3,"stat.useItem.minecraft.stone_pickaxe":265,"stat.craftItem.minecraft.iron_leggings":1,"stat.damageDealt":1548,"stat.craftItem.minecraft.baked_potato":8,"stat.mineBlock.minecraft.dirt":147,"stat.useItem.minecraft.crafting_table":4,"stat.craftItem.minecraft.iron_sword":1,"stat.craftItem.minecraft.stone_slab":12,"stat.walkOneCm":781654,"stat.useItem.minecraft.torch":91,"stat.useItem.minecraft.bread":1,"stat.useItem.minecraft.chest":2,"stat.pickup.minecraft.stick":25,"stat.useItem.minecraft.cobblestone":101,"stat.craftItem.minecraft.crafting_table":4,"stat.useItem.minecraft.dark_oak_fence_gate":1,"stat.mineBlock.minecraft.double_plant":1,"stat.breakItem.minecraft.stone_pickaxe":2,"stat.pickup.minecraft.log":12,"stat.craftItem.minecraft.gold_ingot":18,"stat.pickup.minecraft.stone":112,"stat.craftItem.minecraft.iron_chestplate":1,"stat.pickup.minecraft.baked_potato":8,"stat.pickup.minecraft.sapling":5,"stat.pickup.minecraft.ladder":8,"stat.pickup.minecraft.apple":1,"stat.pickup.minecraft.beetroot":23,"stat.craftItem.minecraft.bucket":1,"stat.craftItem.minecraft.planks":422,"stat.useItem.minecraft.iron_sword":6,"stat.killEntity.Spider":1,"stat.mobKills":7,"stat.useItem.minecraft.wooden_pressure_plate":2,"stat.mineBlock.minecraft.log":12,"achievement.acquireIron":3,"stat.pickup.minecraft.diamond":4,"stat.mineBlock.minecraft.leaves":6,"stat.pickup.minecraft.beetroot_seeds":91,"stat.pickup.minecraft.torch":36,"stat.useItem.minecraft.beetroot_seeds":9,"stat.pickup.minecraft.red_flower":1,"stat.mineBlock.minecraft.redstone_ore":39,"stat.sneakTime":970,"stat.useItem.minecraft.baked_potato":11,"stat.useItem.minecraft.wooden_axe":319,"stat.mineBlock.minecraft.stone":610}