{"stat.pickup.minecraft.bone":6,"stat.craftItem.minecraft.cooked_rabbit":2,"stat.horseOneCm":731493,"stat.useItem.minecraft.iron_axe":173,"stat.leaveGame":3,"stat.mineBlock.minecraft.cobblestone":49,"stat.mineBlock.minecraft.pumpkin":4,"stat.pickup.minecraft.flint":9,"stat.craftItem.minecraft.iron_axe":1,"stat.swimOneCm":41037,"stat.climbOneCm":3376,"stat.useItem.minecraft.planks":500,"stat.pickup.minecraft.cooked_porkchop":27,"stat.pickup.minecraft.glowstone_dust":1,"achievement.buildWorkBench":1,"stat.pickup.minecraft.porkchop":54,"stat.pickup.minecraft.glass":16,"stat.breakItem.minecraft.iron_pickaxe":2,"stat.useItem.minecraft.dirt":232,"stat.pickup.minecraft.bow":2,"achievement.exploreAllBiomes":{"value":0,"progress":["Birch Forest Hills","ForestHills","Roofed Forest","Birch Forest","Plains","TaigaHills","Beach","DesertHills","Forest","River","Birch Forest Hills M","Ocean","Desert","Taiga","Extreme Hills","Deep Ocean"]},"stat.useItem.minecraft.water_bucket":34,"stat.craftItem.minecraft.dark_oak_door":6,"stat.pickup.minecraft.rotten_flesh":4,"stat.pickup.minecraft.sand":347,"stat.craftItem.minecraft.furnace":5,"stat.craftItem.minecraft.stone_axe":1,"stat.pickup.minecraft.anvil":3,"stat.craftItem.minecraft.stone_pickaxe":1,"stat.pickup.minecraft.shears":1,"stat.pickup.minecraft.cobblestone":421,"stat.useItem.minecraft.stone_shovel":133,"stat.craftItem.minecraft.stone_sword":2,"stat.useItem.minecraft.anvil":3,"stat.flyOneCm":98736,"stat.pickup.minecraft.sandstone":3,"stat.craftItem.minecraft.iron_shovel":2,"stat.pickup.minecraft.glass_bottle":1,"stat.mineBlock.minecraft.sand":292,"achievement.buildPickaxe":1,"stat.killEntity.Witch":1,"stat.pickup.minecraft.redstone":10,"achievement.buildBetterPickaxe":1,"stat.mineBlock.minecraft.iron_ore":64,"stat.timeSinceDeath":237329,"stat.useItem.minecraft.iron_pickaxe":626,"stat.useItem.minecraft.sign":3,"stat.craftItem.minecraft.wooden_pickaxe":1,"stat.useItem.minecraft.iron_shovel":486,"stat.pickup.minecraft.double_plant":3,"stat.craftItem.minecraft.glass_pane":112,"stat.pickup.minecraft.dark_oak_door":1,"stat.useItem.minecraft.oak_stairs":8,"stat.furnaceInteraction":71,"stat.useItem.minecraft.cooked_porkchop":19,"stat.mineBlock.minecraft.dark_oak_stairs":5,"stat.mineBlock.minecraft.coal_ore":154,"stat.useItem.minecraft.dark_oak_stairs":9,"stat.pickup.minecraft.shield":1,"stat.pickup.minecraft.string":5,"stat.useItem.minecraft.double_plant":1,"stat.mineBlock.minecraft.ladder":4,"stat.pickup.minecraft.beef":21,"stat.pickup.minecraft.furnace":4,"achievement.mineWood":154,"stat.sprintOneCm":226841,"stat.useItem.minecraft.fence":9,"stat.craftItem.minecraft.stick":56,"stat.craftItem.minecraft.wooden_axe":1,"stat.useItem.minecraft.dark_oak_door":5,"achievement.openInventory":233,"stat.pickup.minecraft.potion":1,"stat.mineBlock.minecraft.diamond_ore":8,"stat.mineBlock.minecraft.crafting_table":7,"stat.useItem.minecraft.bucket":35,"stat.pickup.minecraft.spawn_egg":1,"stat.mineBlock.minecraft.oak_stairs":8,"stat.mineBlock.minecraft.planks":151,"stat.pickup.minecraft.egg":1,"stat.playOneMinute":237329,"stat.pickup.minecraft.birch_door":2,"stat.breakItem.minecraft.iron_shovel":1,"stat.craftItem.minecraft.iron_pickaxe":2,"stat.killEntity.Zombie":3,"stat.mineBlock.minecraft.gold_ore":15,"stat.mineBlock.minecraft.tallgrass":72,"stat.diveOneCm":50622,"stat.chestOpened":30,"stat.useItem.minecraft.cooked_rabbit":2,"stat.pickup.minecraft.pumpkin":4,"stat.craftItem.minecraft.ladder":9,"stat.craftItem.minecraft.sign":9,"stat.pickup.minecraft.sign":1,"stat.useItem.minecraft.stone":162,"stat.pickup.minecraft.gravel":30,"stat.craftItem.minecraft.cooked_porkchop":11,"stat.mineBlock.minecraft.anvil":4,"stat.craftItem.minecraft.dark_oak_stairs":4,"stat.breakItem.minecraft.wooden_axe":1,"stat.jump":2351,"stat.useItem.minecraft.sand":115,"stat.pickup.minecraft.fence":1,"stat.pickup.minecraft.coal":234,"stat.fallOneCm":39712,"stat.pickup.minecraft.iron_ingot":7,"stat.useItem.minecraft.stone_axe":132,"stat.crouchOneCm":4674,"stat.mineBlock.minecraft.chest":4,"stat.craftItem.minecraft.chest":5,"stat.craftItem.minecraft.iron_ingot":15,"stat.craftItem.minecraft.torch":8,"stat.pickup.minecraft.dirt":374,"stat.pickup.minecraft.red_mushroom":12,"stat.craftingTableInteraction":56,"stat.pickup.minecraft.iron_ore":63,"stat.pickup.minecraft.stone_shovel":2,"stat.boatOneCm":83899,"stat.pickup.minecraft.gold_ore":15,"stat.mineBlock.minecraft.leaves2":4,"stat.mineBlock.minecraft.glass_pane":14,"stat.mineBlock.minecraft.log2":122,"stat.pickup.minecraft.leather":14,"stat.mineBlock.minecraft.torch":10,"stat.mineBlock.minecraft.furnace":4,"stat.useItem.minecraft.wooden_pickaxe":9,"stat.useItem.minecraft.furnace":9,"stat.pickup.minecraft.log2":120,"stat.pickup.minecraft.planks":153,"stat.pickup.minecraft.reeds":32,"stat.pickup.minecraft.wheat_seeds":18,"stat.pickup.minecraft.oak_stairs":8,"stat.pickup.minecraft.rabbit_hide":4,"stat.mineBlock.minecraft.gravel":39,"stat.useItem.minecraft.stone_pickaxe":81,"stat.breakItem.minecraft.stone_axe":1,"stat.useItem.minecraft.stone_sword":268,"stat.damageDealt":4744,"stat.killEntity.Rabbit":4,"stat.craftItem.minecraft.glass":188,"stat.craftItem.minecraft.oak_stairs":8,"stat.killEntity.Cow":11,"stat.useItem.minecraft.crafting_table":7,"stat.mineBlock.minecraft.dirt":354,"stat.killEntity.Pig":18,"stat.craftItem.minecraft.stone_shovel":1,"stat.walkOneCm":950959,"stat.useItem.minecraft.bread":2,"stat.useItem.minecraft.torch":46,"stat.useItem.minecraft.chest":8,"stat.pickup.minecraft.stick":6,"stat.pickup.minecraft.crafting_table":6,"stat.useItem.minecraft.cobblestone":190,"stat.craftItem.minecraft.crafting_table":2,"stat.useItem.minecraft.gravel":9,"stat.mineBlock.minecraft.double_plant":10,"stat.craftItem.minecraft.boat":1,"stat.pickup.minecraft.rabbit_foot":1,"stat.pickup.minecraft.log":80,"stat.pickup.minecraft.iron_pickaxe":1,"stat.pickup.minecraft.stone":177,"stat.pickup.minecraft.sapling":28,"stat.pickup.minecraft.ender_pearl":1,"stat.craftItem.minecraft.minecart":1,"stat.pickup.minecraft.ladder":4,"stat.pickup.minecraft.apple":1,"stat.useItem.minecraft.glass_pane":103,"stat.breakItem.minecraft.stone_shovel":1,"stat.killEntity.Skeleton":1,"stat.craftItem.minecraft.bucket":1,"stat.pickup.minecraft.carrot_on_a_stick":1,"stat.craftItem.minecraft.planks":504,"stat.pickup.minecraft.bread":1,"stat.pickup.minecraft.dark_oak_stairs":5,"stat.mobKills":38,"stat.mineBlock.minecraft.log":53,"stat.craftItem.minecraft.fence":12,"stat.useItem.minecraft.boat":1,"stat.pickup.minecraft.diamond":8,"stat.mineBlock.minecraft.leaves":18,"stat.pickup.minecraft.torch":85,"stat.mineBlock.minecraft.redstone_ore":2,"stat.sneakTime":1947,"stat.pickup.minecraft.rabbit":2,"stat.pickup.minecraft.elytra":1,"stat.useItem.minecraft.wooden_axe":60,"stat.breakItem.minecraft.stone_sword":1,"stat.mineBlock.minecraft.stone":405,"stat.pickup.minecraft.chest":4}