{"stat.chestOpened":24,"stat.useItem.minecraft.string":1,"stat.useItem.minecraft.splash_potion":39,"stat.pickup.minecraft.bone":62,"stat.useItem.minecraft.stone":37,"stat.horseOneCm":204221,"stat.pigOneCm":86626,"stat.craftItem.minecraft.carpet":153,"stat.useItem.minecraft.iron_axe":104,"stat.leaveGame":4,"stat.pickup.minecraft.gravel":62,"stat.pickup.minecraft.iron_sword":3,"stat.pickup.minecraft.arrow":6,"stat.mineBlock.minecraft.cobblestone":9,"stat.pickup.minecraft.stone_pickaxe":1,"stat.pickup.minecraft.flint":6,"stat.useItem.minecraft.apple":2,"stat.mineBlock.minecraft.brown_mushroom":2,"stat.useItem.minecraft.carpet":150,"stat.mineBlock.minecraft.sandstone":2,"stat.jump":3159,"stat.useItem.minecraft.sand":52,"stat.swimOneCm":56143,"stat.pickup.minecraft.coal":264,"stat.fallOneCm":81930,"stat.pickup.minecraft.enchanted_book":3,"stat.pickup.minecraft.iron_ingot":22,"stat.climbOneCm":33693,"stat.craftItem.minecraft.birch_boat":1,"achievement.buildWorkBench":2,"stat.pickup.minecraft.carrot":48,"stat.pickup.minecraft.cooked_porkchop":44,"stat.pickup.minecraft.gunpowder":35,"stat.pickup.minecraft.porkchop":89,"stat.crouchOneCm":4264,"stat.pickup.minecraft.spider_eye":2,"stat.craftItem.minecraft.torch":108,"stat.craftItem.minecraft.iron_ingot":22,"stat.breakItem.minecraft.iron_pickaxe":2,"stat.craftItem.minecraft.chest":1,"stat.useItem.minecraft.dirt":48,"stat.pickup.minecraft.dirt":78,"achievement.exploreAllBiomes":{"value":0,"progress":["ForestHills","Beach","Roofed Forest","Forest","River","Ocean","Plains","Desert","Taiga","TaigaHills","Deep Ocean"]},"stat.craftingTableInteraction":19,"stat.pickup.minecraft.iron_ore":54,"stat.pickup.minecraft.rotten_flesh":81,"stat.pickup.minecraft.sand":205,"stat.craftItem.minecraft.furnace":3,"stat.pickup.minecraft.stone_shovel":1,"stat.boatOneCm":415084,"stat.useItem.minecraft.sapling":23,"stat.pickup.minecraft.gold_ore":10,"stat.pickup.minecraft.leaves":266,"stat.pickup.minecraft.cookie":625,"stat.pickup.minecraft.wooden_pickaxe":2,"stat.pickup.minecraft.anvil":1,"stat.useItem.minecraft.iron_ore":3,"stat.pickup.minecraft.leather":2,"stat.pickup.minecraft.name_tag":3,"stat.useItem.minecraft.birch_boat":1,"stat.mineBlock.minecraft.torch":22,"stat.craftItem.minecraft.stone_pickaxe":4,"stat.useItem.minecraft.wooden_pickaxe":75,"stat.useItem.minecraft.furnace":3,"stat.useItem.minecraft.reeds":19,"stat.pickup.minecraft.shears":3,"stat.pickup.minecraft.cobblestone":1022,"stat.mineBlock.minecraft.sapling":1,"stat.useItem.minecraft.carrot_on_a_stick":8,"stat.mineBlock.minecraft.carpet":41,"stat.pickup.minecraft.dye":3,"stat.aviateOneCm":234925,"stat.pickup.minecraft.planks":68,"stat.pickup.minecraft.reeds":64,"stat.useItem.minecraft.stone_shovel":80,"stat.useItem.minecraft.anvil":2,"stat.flyOneCm":213191,"stat.pickup.minecraft.sandstone":65,"stat.useItem.minecraft.ender_pearl":1,"stat.pickup.minecraft.wheat_seeds":7,"stat.pickup.minecraft.brown_mushroom":14,"achievement.buildPickaxe":8,"stat.mineBlock.minecraft.sand":69,"stat.pickup.minecraft.fish":2,"stat.mineBlock.minecraft.gravel":20,"stat.useItem.minecraft.stone_pickaxe":528,"stat.damageDealt":4056,"achievement.buildBetterPickaxe":7,"stat.pickup.minecraft.redstone":2,"stat.mineBlock.minecraft.iron_ore":22,"stat.sleepInBed":7,"stat.timeSinceDeath":4696,"stat.killEntity.Cow":1,"stat.useItem.minecraft.crafting_table":3,"stat.mineBlock.minecraft.dirt":45,"stat.useItem.minecraft.iron_pickaxe":612,"stat.pickup.minecraft.stained_hardened_clay":1,"stat.useItem.minecraft.spawn_egg":21,"stat.craftItem.minecraft.wooden_pickaxe":1,"stat.killEntity.Pig":22,"stat.pickup.minecraft.mutton":13,"stat.pickup.minecraft.mossy_cobblestone":38,"stat.craftItem.minecraft.birch_door":3,"stat.walkOneCm":1251087,"stat.craftItem.minecraft.bed":3,"stat.useItem.minecraft.torch":36,"stat.pickup.minecraft.golden_apple":3,"stat.useItem.minecraft.chest":2,"stat.playerKills":1,"stat.pickup.minecraft.crafting_table":3,"stat.useItem.minecraft.log":11,"stat.useItem.minecraft.cobblestone":116,"stat.craftItem.minecraft.crafting_table":2,"stat.furnaceInteraction":12,"stat.useItem.minecraft.gravel":6,"stat.mineBlock.minecraft.double_plant":2,"stat.useItem.minecraft.cooked_porkchop":6,"stat.pickup.minecraft.carpet":40,"stat.mineBlock.minecraft.coal_ore":147,"stat.breakItem.minecraft.stone_pickaxe":4,"stat.pickup.minecraft.shield":3,"stat.pickup.minecraft.log":108,"stat.pickup.minecraft.string":21,"stat.pickup.minecraft.iron_pickaxe":2,"stat.pickup.minecraft.beef":3,"stat.useItem.minecraft.cooked_mutton":1,"stat.pickup.minecraft.furnace":1,"stat.entityKilledBy.Skeleton":1,"stat.pickup.minecraft.stone":266,"stat.pickup.minecraft.baked_potato":88,"achievement.mineWood":105,"stat.useItem.minecraft.stained_hardened_clay":1,"stat.pickup.minecraft.sapling":52,"stat.killEntity.Squid":2,"stat.pickup.minecraft.ender_pearl":1,"stat.mineBlock.minecraft.stained_hardened_clay":1,"stat.useItem.minecraft.leaves":33,"stat.sprintOneCm":222412,"stat.pickup.minecraft.wooden_door":8,"stat.pickup.minecraft.apple":2,"stat.pickup.minecraft.ladder":42,"stat.craftItem.minecraft.stick":104,"stat.useItem.minecraft.birch_door":6,"stat.killEntity.Skeleton":2,"stat.useItem.minecraft.bed":3,"achievement.openInventory":243,"stat.pickup.minecraft.carrot_on_a_stick":2,"stat.craftItem.minecraft.planks":84,"stat.useItem.minecraft.iron_sword":98,"stat.mineBlock.minecraft.crafting_table":1,"stat.useItem.minecraft.carrot":10,"stat.pickup.minecraft.golden_horse_armor":1,"stat.mobKills":35,"stat.pickup.minecraft.emerald":6,"stat.pickup.minecraft.saddle":3,"stat.mineBlock.minecraft.log":108,"stat.craftItem.minecraft.shears":3,"stat.breakItem.minecraft.shears":3,"stat.useItem.minecraft.wooden_door":7,"achievement.buildFurnace":3,"stat.useItem.minecraft.golden_apple":3,"stat.useItem.minecraft.boat":1,"stat.deaths":8,"achievement.acquireIron":6,"stat.mineBlock.minecraft.leaves":722,"stat.pickup.minecraft.iron_horse_armor":1,"stat.playOneMinute":252930,"stat.pickup.minecraft.birch_door":4,"stat.pickup.minecraft.torch":40,"stat.killEntity.Sheep":6,"stat.useItem.minecraft.ladder":48,"stat.sneakTime":1716,"stat.craftItem.minecraft.iron_pickaxe":3,"stat.pickup.minecraft.wool":162,"stat.useItem.minecraft.shears":337,"stat.pickup.minecraft.elytra":3,"stat.killEntity.Zombie":2,"stat.useItem.minecraft.baked_potato":6,"stat.pickup.minecraft.iron_bars":3,"stat.pickup.minecraft.cooked_fish":9,"stat.mineBlock.minecraft.stone":1000,"stat.mineBlock.minecraft.tallgrass":11,"stat.craftItem.minecraft.cooked_mutton":2,"stat.diveOneCm":66589,"stat.breakItem.minecraft.wooden_pickaxe":1,"stat.pickup.minecraft.chest":2,"stat.useItem.minecraft.sandstone":21}