{"stat.pickup.minecraft.bone":38,"stat.horseOneCm":49086,"stat.useItem.minecraft.iron_axe":44,"stat.mineBlock.minecraft.cobblestone":19,"stat.pickup.minecraft.stone_pickaxe":1,"stat.pickup.minecraft.flint":10,"stat.mineBlock.minecraft.yellow_flower":9,"stat.swimOneCm":40752,"stat.pickup.minecraft.enchanted_book":3,"stat.climbOneCm":1319,"stat.craftItem.minecraft.stone_pressure_plate":2,"achievement.buildWorkBench":1,"stat.pickup.minecraft.porkchop":1,"stat.pickup.minecraft.glass":5,"stat.breakItem.minecraft.iron_pickaxe":2,"stat.useItem.minecraft.dirt":77,"achievement.exploreAllBiomes":{"value":0,"progress":["Beach","ForestHills","DesertHills","Roofed Forest","Forest","River","Ocean","Plains","Desert","Taiga","TaigaHills","Deep Ocean"]},"stat.pickup.minecraft.rotten_flesh":18,"stat.pickup.minecraft.sand":40,"stat.craftItem.minecraft.furnace":2,"stat.craftItem.minecraft.stone_axe":1,"stat.pickup.minecraft.anvil":1,"stat.craftItem.minecraft.stone_pickaxe":2,"stat.craftItem.minecraft.cooked_beef":8,"stat.killEntity.Enderman":1,"stat.pickup.minecraft.shears":1,"stat.pickup.minecraft.cobblestone":614,"stat.mineBlock.minecraft.carpet":22,"stat.useItem.minecraft.stone_shovel":402,"stat.craftItem.minecraft.stone_sword":1,"stat.useItem.minecraft.anvil":1,"stat.flyOneCm":98696,"stat.pickup.minecraft.sandstone":2,"stat.pickup.minecraft.glass_bottle":1,"stat.pickup.minecraft.brown_mushroom":14,"achievement.buildPickaxe":6,"stat.mineBlock.minecraft.sand":19,"stat.useItem.minecraft.cooked_beef":8,"achievement.buildBetterPickaxe":5,"stat.mineBlock.minecraft.iron_ore":24,"stat.timeSinceDeath":159390,"stat.useItem.minecraft.iron_pickaxe":502,"stat.useItem.minecraft.sign":9,"stat.useItem.minecraft.spawn_egg":17,"stat.craftItem.minecraft.wooden_pickaxe":1,"stat.pickup.minecraft.mutton":1,"stat.pickup.minecraft.mossy_cobblestone":38,"stat.pickup.minecraft.double_plant":4,"stat.useItem.minecraft.oak_stairs":10,"stat.furnaceInteraction":73,"stat.useItem.minecraft.cooked_porkchop":3,"stat.pickup.minecraft.carpet":32,"stat.mineBlock.minecraft.coal_ore":91,"stat.craftItem.minecraft.stone_hoe":1,"stat.craftItem.minecraft.leather_helmet":2,"stat.pickup.minecraft.string":8,"stat.mineBlock.minecraft.birch_stairs":4,"stat.pickup.minecraft.beef":18,"stat.useItem.minecraft.cooked_mutton":1,"stat.pickup.minecraft.furnace":4,"achievement.buildSword":2,"achievement.mineWood":57,"stat.pickup.minecraft.birch_stairs":4,"stat.sprintOneCm":399576,"stat.useItem.minecraft.stone_stairs":113,"stat.craftItem.minecraft.stick":44,"achievement.openInventory":118,"stat.pickup.minecraft.stone_stairs":17,"stat.craftItem.minecraft.stone":4,"stat.pickup.minecraft.grass":1,"stat.mineBlock.minecraft.crafting_table":6,"stat.useItem.minecraft.stone_pressure_plate":2,"stat.pickup.minecraft.golden_horse_armor":1,"stat.craftItem.minecraft.wooden_pressure_plate":4,"stat.useItem.minecraft.beef":2,"achievement.killEnemy":6,"stat.pickup.minecraft.spawn_egg":1,"stat.mineBlock.minecraft.oak_stairs":6,"achievement.buildFurnace":2,"stat.deaths":1,"stat.mineBlock.minecraft.planks":2,"stat.playOneMinute":165936,"stat.useItem.minecraft.wooden_sword":78,"stat.craftItem.minecraft.wooden_shovel":1,"stat.killEntity.Sheep":1,"stat.craftItem.minecraft.iron_pickaxe":3,"stat.killEntity.Zombie":4,"stat.craftItem.minecraft.dye":1,"stat.useItem.minecraft.birch_stairs":4,"stat.mineBlock.minecraft.tallgrass":31,"stat.craftItem.minecraft.cooked_mutton":1,"stat.diveOneCm":32748,"stat.chestOpened":157,"stat.craftItem.minecraft.sign":6,"achievement.buildHoe":1,"stat.pickup.minecraft.sign":4,"stat.useItem.minecraft.stone":12,"stat.pickup.minecraft.gravel":96,"stat.pickup.minecraft.iron_sword":1,"stat.craftItem.minecraft.cooked_porkchop":6,"stat.pickup.minecraft.wooden_pressure_plate":4,"stat.mineBlock.minecraft.anvil":1,"stat.useItem.minecraft.apple":1,"stat.useItem.minecraft.carpet":12,"stat.craftItem.minecraft.coal":4,"stat.jump":1828,"stat.useItem.minecraft.sand":4,"stat.pickup.minecraft.coal":95,"stat.fallOneCm":21597,"stat.pickup.minecraft.iron_ingot":3,"stat.useItem.minecraft.stone_axe":27,"stat.pickup.minecraft.gunpowder":8,"achievement.killCow":5,"stat.crouchOneCm":50120,"stat.mineBlock.minecraft.chest":4,"stat.craftItem.minecraft.iron_ingot":44,"stat.craftItem.minecraft.torch":36,"stat.craftItem.minecraft.chest":12,"stat.pickup.minecraft.dirt":464,"stat.craftingTableInteraction":70,"stat.pickup.minecraft.iron_ore":24,"stat.useItem.minecraft.glass":1,"stat.mineBlock.minecraft.wooden_pressure_plate":2,"stat.boatOneCm":338,"stat.useItem.minecraft.sapling":12,"stat.pickup.minecraft.iron_axe":1,"stat.mineBlock.minecraft.stone_stairs":17,"stat.pickup.minecraft.leather":8,"stat.mineBlock.minecraft.red_flower":2,"stat.mineBlock.minecraft.torch":10,"stat.mineBlock.minecraft.furnace":4,"stat.useItem.minecraft.wooden_pickaxe":6,"stat.useItem.minecraft.furnace":6,"stat.useItem.minecraft.reeds":16,"stat.mineBlock.minecraft.sapling":1,"stat.craftItem.minecraft.wooden_sword":1,"stat.pickup.minecraft.planks":18,"stat.pickup.minecraft.reeds":85,"stat.pickup.minecraft.wheat_seeds":8,"stat.pickup.minecraft.potato":1,"stat.pickup.minecraft.oak_stairs":6,"stat.mineBlock.minecraft.gravel":30,"stat.useItem.minecraft.stone_pickaxe":265,"stat.craftItem.minecraft.birch_stairs":4,"stat.mineBlock.minecraft.glass":1,"stat.useItem.minecraft.stone_sword":48,"stat.damageDealt":2781,"stat.craftItem.minecraft.glass":20,"stat.sleepInBed":3,"stat.craftItem.minecraft.oak_stairs":4,"stat.killEntity.Cow":7,"stat.useItem.minecraft.crafting_table":8,"stat.mineBlock.minecraft.dirt":445,"stat.craftItem.minecraft.stone_shovel":3,"stat.walkOneCm":621268,"stat.useItem.minecraft.torch":30,"stat.useItem.minecraft.chest":16,"stat.pickup.minecraft.stick":8,"stat.craftItem.minecraft.stone_stairs":96,"stat.pickup.minecraft.crafting_table":9,"stat.useItem.minecraft.cobblestone":66,"stat.craftItem.minecraft.crafting_table":1,"stat.useItem.minecraft.gravel":126,"stat.mineBlock.minecraft.double_plant":3,"stat.breakItem.minecraft.stone_pickaxe":2,"stat.pickup.minecraft.log":65,"stat.pickup.minecraft.stone":109,"stat.pickup.minecraft.baked_potato":17,"stat.pickup.minecraft.ender_pearl":2,"stat.pickup.minecraft.sapling":26,"stat.pickup.minecraft.wooden_door":2,"stat.pickup.minecraft.apple":2,"stat.breakItem.minecraft.stone_shovel":3,"stat.killEntity.Skeleton":1,"stat.craftItem.minecraft.planks":204,"stat.useItem.minecraft.iron_sword":34,"stat.mobKills":14,"stat.useItem.minecraft.wooden_pressure_plate":4,"stat.craftItem.minecraft.wooden_door":3,"stat.mineBlock.minecraft.log":58,"stat.useItem.minecraft.wooden_door":2,"achievement.acquireIron":4,"stat.mineBlock.minecraft.leaves":20,"stat.pickup.minecraft.iron_horse_armor":1,"stat.pickup.minecraft.torch":13,"stat.pickup.minecraft.red_flower":2,"stat.sneakTime":17855,"stat.pickup.minecraft.wool":42,"stat.pickup.minecraft.elytra":1,"stat.useItem.minecraft.baked_potato":3,"stat.pickup.minecraft.yellow_flower":11,"stat.mineBlock.minecraft.stone":614,"stat.pickup.minecraft.chest":4}