{"stat.pickup.minecraft.rotten_flesh":2,"stat.walkOneCm":37047,"achievement.openInventory":4,"stat.pickup.minecraft.stick":1,"stat.useItem.minecraft.iron_axe":24,"stat.leaveGame":1,"stat.killEntity.Husk":1,"stat.mineBlock.minecraft.deadbush":1,"stat.mobKills":5,"stat.mineBlock.minecraft.coal_ore":16,"stat.pickup.minecraft.cobblestone":2,"stat.mineBlock.minecraft.log":23,"stat.useItem.minecraft.rotten_flesh":2,"stat.pickup.minecraft.log":23,"stat.flyOneCm":14878,"stat.deaths":1,"stat.jump":204,"stat.mineBlock.minecraft.leaves":1,"stat.playOneMinute":8544,"stat.pickup.minecraft.coal":16,"stat.fallOneCm":4760,"stat.useItem.minecraft.wooden_sword":22,"stat.entityKilledBy.Skeleton":1,"stat.damageDealt":615,"stat.pickup.minecraft.porkchop":7,"stat.timeSinceDeath":6515,"achievement.mineWood":23,"stat.useItem.minecraft.iron_pickaxe":18,"stat.sprintOneCm":4158,"stat.killEntity.Pig":4,"stat.mineBlock.minecraft.stone":2,"achievement.exploreAllBiomes":{"value":0,"progress":["Forest","Desert"]},"stat.mineBlock.minecraft.tallgrass":10}