{"stat.pickup.minecraft.bone":27,"stat.useItem.minecraft.iron_axe":293,"stat.leaveGame":1,"stat.mineBlock.minecraft.cobblestone":30,"stat.pickup.minecraft.stone_pickaxe":3,"stat.pickup.minecraft.flint":15,"stat.craftItem.minecraft.iron_axe":1,"stat.mineBlock.minecraft.brown_mushroom":12,"stat.pickup.minecraft.fishing_rod":1,"stat.swimOneCm":40647,"stat.useItem.minecraft.planks":218,"stat.climbOneCm":2442,"stat.pickup.minecraft.cooked_porkchop":38,"achievement.buildWorkBench":8,"stat.pickup.minecraft.porkchop":41,"stat.breakItem.minecraft.iron_pickaxe":2,"stat.useItem.minecraft.dirt":63,"stat.useItem.minecraft.cookie":14,"stat.pickup.minecraft.bow":1,"achievement.exploreAllBiomes":{"value":0,"progress":["ForestHills","Beach","DesertHills","Roofed Forest","Forest","River","Ocean","Plains","Desert","Taiga","Deep Ocean"]},"stat.pickup.minecraft.rotten_flesh":89,"stat.pickup.minecraft.sand":273,"stat.craftItem.minecraft.furnace":5,"stat.useItem.minecraft.red_flower":3,"stat.craftItem.minecraft.stone_axe":1,"stat.craftItem.minecraft.spruce_boat":1,"stat.craftItem.minecraft.iron_boots":1,"stat.pickup.minecraft.name_tag":1,"stat.craftItem.minecraft.stone_pickaxe":3,"stat.pickup.minecraft.shears":2,"stat.pickup.minecraft.cobblestone":1224,"stat.mineBlock.minecraft.carpet":6,"stat.aviateOneCm":2352,"stat.useItem.minecraft.stone_shovel":291,"stat.flyOneCm":249780,"stat.pickup.minecraft.sandstone":7,"stat.pickup.minecraft.brown_mushroom":40,"stat.mineBlock.minecraft.sand":224,"achievement.buildPickaxe":10,"stat.pickup.minecraft.fish":36,"stat.craftItem.minecraft.cooked_fish":29,"achievement.buildBetterPickaxe":7,"stat.mineBlock.minecraft.iron_ore":80,"stat.timeSinceDeath":67665,"stat.useItem.minecraft.iron_pickaxe":646,"stat.useItem.minecraft.sign":2,"stat.craftItem.minecraft.wooden_pickaxe":3,"stat.pickup.minecraft.mossy_cobblestone":114,"stat.pickup.minecraft.double_plant":4,"stat.craftItem.minecraft.birch_door":3,"stat.useItem.minecraft.oak_stairs":18,"stat.furnaceInteraction":105,"stat.useItem.minecraft.cooked_porkchop":5,"stat.pickup.minecraft.carpet":9,"stat.mineBlock.minecraft.coal_ore":174,"stat.killEntity.Creeper":2,"stat.pickup.minecraft.shield":2,"stat.mineBlock.minecraft.red_mushroom_block":103,"stat.pickup.minecraft.string":14,"stat.pickup.minecraft.furnace":1,"stat.useItem.minecraft.cooked_mutton":1,"stat.entityKilledBy.Skeleton":4,"achievement.buildSword":1,"achievement.mineWood":214,"stat.sprintOneCm":335208,"stat.useItem.minecraft.stone_stairs":7,"stat.craftItem.minecraft.stick":108,"stat.craftItem.minecraft.wooden_axe":1,"achievement.openInventory":216,"stat.pickup.minecraft.stone_stairs":3,"stat.mineBlock.minecraft.crafting_table":1,"stat.useItem.minecraft.carrot":1,"stat.useItem.minecraft.wooden_shovel":13,"stat.pickup.minecraft.golden_horse_armor":1,"stat.pickup.minecraft.saddle":1,"achievement.killEnemy":27,"stat.mineBlock.minecraft.oak_stairs":13,"achievement.buildFurnace":5,"stat.deaths":8,"stat.mineBlock.minecraft.planks":31,"stat.pickup.minecraft.bowl":2,"stat.playOneMinute":289206,"stat.craftItem.minecraft.wooden_shovel":1,"stat.pickup.minecraft.birch_door":9,"stat.craftItem.minecraft.iron_pickaxe":3,"stat.craftItem.minecraft.diamond_pickaxe":1,"stat.killEntity.Zombie":19,"stat.mineBlock.minecraft.gold_ore":10,"stat.mineBlock.minecraft.tallgrass":149,"stat.fishCaught":37,"stat.diveOneCm":59481,"stat.pickup.minecraft.cooked_mutton":1,"stat.chestOpened":138,"stat.mineBlock.minecraft.mossy_cobblestone":38,"stat.craftItem.minecraft.sign":3,"stat.useItem.minecraft.stone":20,"stat.pickup.minecraft.gravel":112,"stat.pickup.minecraft.arrow":13,"stat.pickup.minecraft.waterlily":1,"stat.pickup.minecraft.iron_sword":2,"stat.craftItem.minecraft.cooked_porkchop":10,"stat.pickup.minecraft.wooden_pressure_plate":2,"stat.useItem.minecraft.waterlily":1,"stat.useItem.minecraft.apple":2,"stat.mineBlock.minecraft.deadbush":1,"stat.useItem.minecraft.carpet":4,"stat.craftItem.minecraft.coal":18,"stat.useItem.minecraft.sand":90,"stat.jump":4797,"stat.pickup.minecraft.coal":387,"stat.fallOneCm":109139,"stat.pickup.minecraft.iron_ingot":25,"stat.pickup.minecraft.carrot":4,"stat.useItem.minecraft.stone_axe":43,"stat.pickup.minecraft.gunpowder":20,"stat.crouchOneCm":35222,"achievement.killCow":1,"stat.mineBlock.minecraft.chest":2,"stat.pickup.minecraft.spider_eye":1,"stat.craftItem.minecraft.chest":6,"stat.craftItem.minecraft.iron_ingot":52,"stat.craftItem.minecraft.torch":226,"stat.pickup.minecraft.dirt":202,"stat.craftItem.minecraft.iron_helmet":1,"stat.pickup.minecraft.red_mushroom":50,"stat.craftingTableInteraction":93,"stat.pickup.minecraft.iron_ore":157,"stat.boatOneCm":42806,"stat.pickup.minecraft.gold_ore":30,"stat.pickup.minecraft.cookie":346,"stat.mineBlock.minecraft.leaves2":1,"stat.mineBlock.minecraft.log2":27,"stat.mineBlock.minecraft.stone_stairs":3,"stat.pickup.minecraft.leather":1,"stat.mineBlock.minecraft.red_flower":5,"stat.mineBlock.minecraft.torch":11,"stat.mineBlock.minecraft.furnace":1,"stat.useItem.minecraft.wooden_pickaxe":51,"stat.useItem.minecraft.furnace":6,"stat.mineBlock.minecraft.sapling":3,"stat.pickup.minecraft.log2":46,"stat.pickup.minecraft.planks":437,"stat.pickup.minecraft.reeds":10,"stat.pickup.minecraft.wheat_seeds":20,"stat.pickup.minecraft.oak_stairs":11,"stat.entityKilledBy.Zombie":2,"stat.mineBlock.minecraft.gravel":71,"stat.useItem.minecraft.stone_pickaxe":223,"stat.craftItem.minecraft.birch_stairs":20,"stat.craftItem.minecraft.iron_leggings":1,"stat.damageDealt":7114,"stat.sleepInBed":1,"stat.craftItem.minecraft.oak_stairs":8,"stat.mineBlock.minecraft.dirt":115,"stat.useItem.minecraft.crafting_table":7,"stat.killEntity.Pig":4,"stat.craftItem.minecraft.iron_sword":1,"stat.craftItem.minecraft.stone_shovel":4,"stat.breakItem.minecraft.fishing_rod":1,"stat.walkOneCm":1324027,"stat.useItem.minecraft.torch":167,"stat.useItem.minecraft.chest":8,"stat.playerKills":2,"stat.pickup.minecraft.stick":13,"stat.craftItem.minecraft.stone_stairs":4,"stat.pickup.minecraft.crafting_table":1,"stat.useItem.minecraft.log":60,"stat.useItem.minecraft.cobblestone":465,"stat.craftItem.minecraft.crafting_table":8,"stat.useItem.minecraft.gravel":21,"stat.mineBlock.minecraft.double_plant":17,"stat.useItem.minecraft.spruce_boat":1,"stat.breakItem.minecraft.stone_pickaxe":1,"stat.pickup.minecraft.log":219,"stat.useItem.minecraft.cooked_fish":18,"stat.pickup.minecraft.iron_pickaxe":3,"stat.craftItem.minecraft.gold_ingot":10,"stat.pickup.minecraft.stone":128,"stat.craftItem.minecraft.iron_chestplate":1,"stat.pickup.minecraft.baked_potato":32,"stat.pickup.minecraft.sapling":49,"stat.useItem.minecraft.leaves":118,"stat.pickup.minecraft.wooden_door":3,"stat.pickup.minecraft.apple":2,"stat.breakItem.minecraft.stone_shovel":2,"stat.useItem.minecraft.birch_door":4,"stat.killEntity.Skeleton":8,"stat.craftItem.minecraft.planks":540,"stat.useItem.minecraft.iron_sword":136,"stat.killEntity.Spider":1,"stat.craftItem.minecraft.fishing_rod":2,"stat.mobKills":37,"stat.mineBlock.minecraft.log":198,"stat.craftItem.minecraft.wooden_door":3,"stat.useItem.minecraft.wooden_door":2,"achievement.acquireIron":12,"stat.mineBlock.minecraft.leaves":87,"stat.pickup.minecraft.iron_horse_armor":1,"stat.pickup.minecraft.torch":71,"stat.pickup.minecraft.red_flower":11,"stat.mineBlock.minecraft.redstone_ore":6,"stat.sneakTime":11653,"stat.pickup.minecraft.rabbit":2,"stat.pickup.minecraft.elytra":1,"stat.pickup.minecraft.cooked_fish":33,"stat.useItem.minecraft.wooden_axe":23,"stat.pickup.minecraft.yellow_flower":9,"achievement.cookFish":12,"stat.mineBlock.minecraft.stone":497,"stat.useItem.minecraft.fishing_rod":63,"stat.pickup.minecraft.chest":5,"stat.useItem.minecraft.sandstone":7}