{"stat.craftItem.minecraft.stone_shovel":1,"stat.pickup.minecraft.sand":1,"stat.walkOneCm":37324,"stat.useItem.minecraft.sapling":1,"achievement.openInventory":2,"stat.craftItem.minecraft.planks":20,"stat.leaveGame":1,"stat.pickup.minecraft.crafting_table":1,"stat.mineBlock.minecraft.log2":4,"stat.mineBlock.minecraft.crafting_table":1,"stat.craftItem.minecraft.crafting_table":1,"stat.craftItem.minecraft.stone_pickaxe":1,"stat.useItem.minecraft.wooden_pickaxe":27,"stat.pickup.minecraft.cobblestone":60,"stat.mineBlock.minecraft.coal_ore":9,"stat.mineBlock.minecraft.log":14,"stat.pickup.minecraft.log2":9,"stat.pickup.minecraft.log":16,"stat.flyOneCm":15200,"stat.mineBlock.minecraft.sand":1,"stat.jump":123,"stat.mineBlock.minecraft.leaves":1,"stat.playOneMinute":8915,"stat.pickup.minecraft.coal":9,"stat.fallOneCm":2300,"stat.useItem.minecraft.stone_pickaxe":62,"stat.damageDealt":121,"stat.pickup.minecraft.stone":19,"stat.timeSinceDeath":8915,"achievement.mineWood":17,"stat.pickup.minecraft.sapling":3,"stat.useItem.minecraft.wooden_axe":14,"stat.pickup.minecraft.dirt":20,"stat.useItem.minecraft.dirt":5,"stat.sprintOneCm":19275,"stat.useItem.minecraft.crafting_table":2,"stat.craftItem.minecraft.wooden_pickaxe":1,"stat.mineBlock.minecraft.stone":80,"achievement.exploreAllBiomes":{"value":0,"progress":["Roofed Forest","Forest","Desert"]},"stat.craftItem.minecraft.stick":8,"stat.craftItem.minecraft.wooden_axe":1,"stat.craftingTableInteraction":2}