{"stat.chestOpened":5,"stat.useItem.minecraft.cooked_rabbit":3,"stat.pickup.minecraft.bone":1,"stat.craftItem.minecraft.cooked_rabbit":3,"stat.craftItem.minecraft.ladder":6,"stat.horseOneCm":482526,"stat.useItem.minecraft.stone":7,"stat.leaveGame":2,"stat.mineBlock.minecraft.cobblestone":16,"stat.craftItem.minecraft.cooked_porkchop":50,"stat.pickup.minecraft.stone_pickaxe":1,"stat.mineBlock.minecraft.yellow_flower":2,"stat.useItem.minecraft.apple":1,"stat.breakItem.minecraft.wooden_axe":1,"stat.mineBlock.minecraft.deadbush":2,"stat.craftItem.minecraft.coal":11,"stat.mineBlock.minecraft.sandstone":3,"stat.jump":1184,"stat.swimOneCm":17271,"stat.pickup.minecraft.fence":1,"stat.pickup.minecraft.coal":202,"stat.fallOneCm":18334,"stat.pickup.minecraft.iron_ingot":10,"stat.climbOneCm":5652,"achievement.buildWorkBench":2,"stat.pickup.minecraft.carrot":1,"stat.pickup.minecraft.porkchop":29,"stat.useItem.minecraft.rabbit":1,"achievement.killCow":10,"stat.craftItem.minecraft.torch":192,"stat.craftItem.minecraft.iron_ingot":49,"stat.breakItem.minecraft.iron_pickaxe":4,"stat.pickup.minecraft.dirt":43,"stat.useItem.minecraft.dirt":13,"stat.craftItem.minecraft.iron_helmet":1,"stat.pickup.minecraft.red_mushroom":6,"achievement.exploreAllBiomes":{"value":0,"progress":["ForestHills","Beach","DesertHills","Roofed Forest","Birch Forest","Forest","River","Birch Forest Hills M","Plains","Desert","Taiga","Extreme Hills"]},"stat.craftingTableInteraction":29,"stat.pickup.minecraft.iron_ore":59,"stat.pickup.minecraft.rotten_flesh":5,"stat.craftItem.minecraft.dark_oak_door":3,"stat.pickup.minecraft.sand":18,"stat.craftItem.minecraft.furnace":3,"stat.pickup.minecraft.gold_ore":8,"stat.mineBlock.minecraft.leaves2":1,"stat.craftItem.minecraft.iron_boots":1,"stat.mineBlock.minecraft.log2":53,"stat.pickup.minecraft.leather":28,"stat.craftItem.minecraft.wooden_button":4,"stat.craftItem.minecraft.stone_pickaxe":3,"stat.mineBlock.minecraft.furnace":13,"stat.mineBlock.minecraft.torch":17,"stat.useItem.minecraft.wooden_pickaxe":19,"stat.useItem.minecraft.furnace":14,"stat.craftItem.minecraft.cooked_beef":34,"stat.pickup.minecraft.cobblestone":1032,"stat.pickup.minecraft.log2":176,"stat.useItem.minecraft.stone_shovel":34,"stat.pickup.minecraft.reeds":15,"stat.flyOneCm":17891,"stat.pickup.minecraft.sandstone":3,"stat.pickup.minecraft.wheat_seeds":24,"achievement.buildPickaxe":10,"stat.mineBlock.minecraft.sand":14,"stat.pickup.minecraft.rabbit_hide":10,"stat.useItem.minecraft.stone_pickaxe":251,"stat.useItem.minecraft.cooked_beef":2,"stat.craftItem.minecraft.iron_leggings":1,"stat.killEntity.Villager":1,"stat.damageDealt":4989,"stat.killEntity.Rabbit":8,"achievement.buildBetterPickaxe":9,"stat.pickup.minecraft.redstone":61,"stat.mineBlock.minecraft.iron_ore":62,"stat.timeSinceDeath":277,"stat.killEntity.Cow":10,"stat.mineBlock.minecraft.dirt":40,"stat.useItem.minecraft.crafting_table":12,"stat.useItem.minecraft.iron_pickaxe":1308,"stat.craftItem.minecraft.wooden_pickaxe":1,"stat.killEntity.Pig":14,"stat.craftItem.minecraft.iron_sword":2,"stat.craftItem.minecraft.stone_shovel":2,"stat.pickup.minecraft.double_plant":3,"stat.walkOneCm":361875,"stat.useItem.minecraft.torch":109,"stat.pickup.minecraft.stick":64,"stat.pickup.minecraft.crafting_table":11,"stat.useItem.minecraft.log":2,"stat.useItem.minecraft.cobblestone":160,"stat.craftItem.minecraft.crafting_table":2,"stat.furnaceInteraction":69,"stat.mineBlock.minecraft.double_plant":5,"stat.useItem.minecraft.cooked_porkchop":7,"stat.mineBlock.minecraft.coal_ore":172,"stat.breakItem.minecraft.stone_pickaxe":1,"stat.pickup.minecraft.wooden_button":4,"stat.pickup.minecraft.rabbit_foot":1,"stat.breakItem.minecraft.iron_sword":1,"stat.mineBlock.minecraft.red_mushroom_block":21,"stat.pickup.minecraft.log":14,"stat.useItem.minecraft.double_plant":1,"stat.pickup.minecraft.iron_pickaxe":3,"stat.pickup.minecraft.beef":16,"stat.pickup.minecraft.furnace":14,"stat.pickup.minecraft.stone":221,"stat.craftItem.minecraft.iron_chestplate":1,"achievement.buildSword":2,"achievement.mineWood":70,"stat.pickup.minecraft.sapling":6,"stat.sprintOneCm":98275,"stat.pickup.minecraft.apple":2,"stat.craftItem.minecraft.stick":164,"stat.craftItem.minecraft.wooden_axe":1,"stat.killEntity.Skeleton":1,"stat.useItem.minecraft.dark_oak_door":2,"achievement.openInventory":122,"stat.craftItem.minecraft.planks":188,"stat.useItem.minecraft.iron_sword":375,"stat.mineBlock.minecraft.fence":1,"stat.mineBlock.minecraft.crafting_table":10,"stat.killEntity.Husk":1,"stat.pickup.minecraft.pumpkin_seeds":2,"stat.mobKills":45,"stat.mineBlock.minecraft.log":14,"achievement.killEnemy":6,"stat.useItem.minecraft.beef":2,"achievement.buildFurnace":3,"stat.deaths":1,"achievement.acquireIron":13,"stat.mineBlock.minecraft.leaves":28,"stat.playOneMinute":149173,"stat.pickup.minecraft.torch":18,"stat.killEntity.Sheep":4,"stat.mineBlock.minecraft.redstone_ore":14,"stat.useItem.minecraft.ladder":4,"stat.craftItem.minecraft.iron_pickaxe":6,"stat.sneakTime":26,"stat.pickup.minecraft.rabbit":4,"stat.mineBlock.minecraft.brown_mushroom_block":1,"stat.killEntity.Zombie":5,"stat.useItem.minecraft.wooden_axe":61,"stat.pickup.minecraft.yellow_flower":1,"stat.mineBlock.minecraft.stone":1235,"stat.mineBlock.minecraft.gold_ore":8,"stat.mineBlock.minecraft.tallgrass":43,"stat.diveOneCm":11086}