{"stat.pickup.minecraft.rotten_flesh":2,"stat.walkOneCm":35491,"stat.pickup.minecraft.bone":3,"achievement.openInventory":2,"stat.craftItem.minecraft.planks":20,"stat.leaveGame":1,"stat.pickup.minecraft.arrow":5,"stat.useItem.minecraft.log":2,"stat.pickup.minecraft.crafting_table":1,"stat.mineBlock.minecraft.log2":52,"stat.mineBlock.minecraft.crafting_table":1,"stat.killEntity.Husk":1,"stat.craftItem.minecraft.crafting_table":1,"stat.mobKills":2,"stat.mineBlock.minecraft.log":8,"stat.pickup.minecraft.log2":50,"stat.pickup.minecraft.rabbit_foot":1,"stat.pickup.minecraft.planks":16,"stat.pickup.minecraft.log":7,"stat.flyOneCm":293,"stat.jump":84,"stat.mineBlock.minecraft.leaves":1,"stat.playOneMinute":7305,"stat.pickup.minecraft.rabbit_hide":1,"stat.fallOneCm":898,"achievement.buildWorkBench":1,"stat.pickup.minecraft.rabbit":1,"stat.damageDealt":257,"stat.killEntity.Rabbit":1,"stat.timeSinceDeath":7305,"achievement.mineWood":50,"stat.useItem.minecraft.wooden_axe":54,"stat.sprintOneCm":3410,"stat.useItem.minecraft.crafting_table":1,"achievement.exploreAllBiomes":{"value":0,"progress":["DesertHills","Roofed Forest","Forest","Desert"]},"stat.mineBlock.minecraft.tallgrass":3,"stat.craftItem.minecraft.stick":12,"stat.craftItem.minecraft.wooden_axe":1,"stat.craftingTableInteraction":3}