{"stat.pickup.minecraft.log":2,"stat.flyOneCm":2134,"stat.walkOneCm":30422,"stat.pickup.minecraft.bone":2,"stat.jump":43,"stat.mineBlock.minecraft.sand":2,"stat.playOneMinute":4071,"achievement.openInventory":1,"stat.fallOneCm":1028,"stat.leaveGame":1,"stat.pickup.minecraft.arrow":2,"stat.damageDealt":179,"stat.killEntity.Husk":1,"stat.timeSinceDeath":4071,"achievement.mineWood":2,"stat.mobKills":1,"stat.sprintOneCm":3412,"stat.mineBlock.minecraft.log":2,"achievement.exploreAllBiomes":{"value":0,"progress":["DesertHills","Forest","Desert"]}}