{"stat.flyOneCm":19103,"stat.deaths":1,"stat.walkOneCm":37105,"stat.jump":291,"stat.mineBlock.minecraft.leaves":1,"stat.swimOneCm":396,"stat.playOneMinute":8270,"stat.fallOneCm":6996,"stat.pickup.minecraft.stick":1,"stat.leaveGame":1,"stat.mineBlock.minecraft.leaves2":5,"stat.mineBlock.minecraft.log2":9,"stat.damageDealt":127,"stat.timeSinceDeath":3072,"stat.mineBlock.minecraft.deadbush":2,"stat.pickup.minecraft.dirt":2,"stat.sprintOneCm":16923,"stat.mineBlock.minecraft.dirt":2,"stat.pickup.minecraft.log2":9,"achievement.exploreAllBiomes":{"value":0,"progress":["DesertHills","Roofed Forest","Birch Forest","Forest","River","Desert"]},"stat.diveOneCm":2574,"stat.entityKilledBy.Husk":1}