{"stat.chestOpened":9,"stat.pickup.minecraft.rotten_flesh":2,"stat.craftItem.minecraft.dark_oak_door":3,"stat.pickup.minecraft.sand":9,"stat.walkOneCm":32594,"achievement.buildHoe":1,"achievement.openInventory":7,"stat.craftItem.minecraft.planks":88,"stat.mineBlock.minecraft.log2":22,"stat.pickup.minecraft.crafting_table":1,"stat.mineBlock.minecraft.crafting_table":1,"stat.furnaceInteraction":4,"stat.craftItem.minecraft.crafting_table":1,"stat.mobKills":1,"stat.craftItem.minecraft.wooden_sword":1,"stat.pickup.minecraft.log2":22,"stat.craftItem.minecraft.wooden_pressure_plate":2,"achievement.killEnemy":1,"stat.flyOneCm":54,"stat.jump":107,"achievement.buildPickaxe":1,"stat.mineBlock.minecraft.sand":17,"stat.playOneMinute":8646,"stat.climbOneCm":8729,"stat.fallOneCm":538,"stat.craftItem.minecraft.wooden_shovel":1,"stat.useItem.minecraft.planks":22,"stat.craftItem.minecraft.wooden_hoe":1,"achievement.buildWorkBench":1,"stat.sneakTime":61,"stat.damageDealt":118,"stat.crouchOneCm":13,"achievement.buildSword":1,"stat.killEntity.Zombie":1,"stat.timeSinceDeath":8646,"stat.craftItem.minecraft.baked_potato":56,"achievement.mineWood":18,"stat.pickup.minecraft.sapling":3,"stat.useItem.minecraft.wooden_axe":16,"stat.pickup.minecraft.dirt":3,"stat.mineBlock.minecraft.dirt":3,"stat.craftItem.minecraft.wooden_pickaxe":1,"achievement.exploreAllBiomes":{"value":0,"progress":["DesertHills","Roofed Forest","Forest","Desert"]},"stat.craftItem.minecraft.stick":56,"stat.craftItem.minecraft.wooden_axe":1,"stat.craftingTableInteraction":8}